qualtrics_id,trial_number,match_type_0,match_type_1,response,response_type
R_2dlRKzx851f1Yd9,3,Rel,Obj,1,Obj
R_2dlRKzx851f1Yd9,4,Rel,Obj,1,Obj
R_2dlRKzx851f1Yd9,1,Rel,Obj,1,Obj
R_2dlRKzx851f1Yd9,6,Obj,Rel,0,Obj
R_2dlRKzx851f1Yd9,5,Obj,Rel,0,Obj
R_2dlRKzx851f1Yd9,8,Obj,Rel,0,Obj
R_2dlRKzx851f1Yd9,2,Rel,Obj,1,Obj
R_2dlRKzx851f1Yd9,7,Obj,Rel,0,Obj
R_Qb1tzaskoeU0kLf,7,Obj,Rel,0,Obj
R_Qb1tzaskoeU0kLf,1,Rel,Obj,1,Obj
R_Qb1tzaskoeU0kLf,6,Obj,Rel,0,Obj
R_Qb1tzaskoeU0kLf,2,Rel,Obj,1,Obj
R_Qb1tzaskoeU0kLf,4,Rel,Obj,1,Obj
R_Qb1tzaskoeU0kLf,8,Obj,Rel,0,Obj
R_Qb1tzaskoeU0kLf,5,Obj,Rel,0,Obj
R_Qb1tzaskoeU0kLf,3,Rel,Obj,1,Obj
R_8AGSWBQpPasvjmp,8,Obj,Rel,0,Obj
R_8AGSWBQpPasvjmp,6,Obj,Rel,1,Rel
R_8AGSWBQpPasvjmp,3,Rel,Obj,0,Rel
R_8AGSWBQpPasvjmp,1,Rel,Obj,0,Rel
R_8AGSWBQpPasvjmp,5,Obj,Rel,1,Rel
R_8AGSWBQpPasvjmp,7,Obj,Rel,1,Rel
R_8AGSWBQpPasvjmp,4,Rel,Obj,0,Rel
R_8AGSWBQpPasvjmp,2,Rel,Obj,0,Rel
R_1Tv8RlXGXRDH6BX,5,Obj,Rel,0,Obj
R_1Tv8RlXGXRDH6BX,7,Obj,Rel,0,Obj
R_1Tv8RlXGXRDH6BX,1,Rel,Obj,1,Obj
R_1Tv8RlXGXRDH6BX,3,Rel,Obj,1,Obj
R_1Tv8RlXGXRDH6BX,8,Obj,Rel,0,Obj
R_1Tv8RlXGXRDH6BX,6,Obj,Rel,0,Obj
R_1Tv8RlXGXRDH6BX,2,Rel,Obj,1,Obj
R_1Tv8RlXGXRDH6BX,4,Rel,Obj,1,Obj
R_3p3Glk1o4y2BcRe,5,Obj,Rel,0,Obj
R_3p3Glk1o4y2BcRe,4,Rel,Obj,1,Obj
R_3p3Glk1o4y2BcRe,2,Rel,Obj,1,Obj
R_3p3Glk1o4y2BcRe,8,Obj,Rel,1,Rel
R_3p3Glk1o4y2BcRe,7,Obj,Rel,0,Obj
R_3p3Glk1o4y2BcRe,1,Rel,Obj,1,Obj
R_3p3Glk1o4y2BcRe,6,Obj,Rel,0,Obj
R_3p3Glk1o4y2BcRe,3,Rel,Obj,1,Obj
R_NVYrJklfFqRVOnv,6,Obj,Rel,0,Obj
R_NVYrJklfFqRVOnv,3,Rel,Obj,1,Obj
R_NVYrJklfFqRVOnv,5,Obj,Rel,0,Obj
R_NVYrJklfFqRVOnv,2,Rel,Obj,1,Obj
R_NVYrJklfFqRVOnv,4,Rel,Obj,1,Obj
R_NVYrJklfFqRVOnv,7,Obj,Rel,0,Obj
R_NVYrJklfFqRVOnv,1,Rel,Obj,1,Obj
R_NVYrJklfFqRVOnv,8,Obj,Rel,0,Obj
R_u4J8rwDfOmm4gYV,2,Rel,Obj,0,Rel
R_u4J8rwDfOmm4gYV,3,Rel,Obj,1,Obj
R_u4J8rwDfOmm4gYV,5,Obj,Rel,1,Rel
R_u4J8rwDfOmm4gYV,6,Obj,Rel,1,Rel
R_u4J8rwDfOmm4gYV,7,Obj,Rel,0,Obj
R_u4J8rwDfOmm4gYV,1,Rel,Obj,1,Obj
R_u4J8rwDfOmm4gYV,4,Rel,Obj,0,Rel
R_u4J8rwDfOmm4gYV,8,Obj,Rel,0,Obj
R_1lnLF0rQ3biXSbK,1,Rel,Obj,1,Obj
R_1lnLF0rQ3biXSbK,5,Obj,Rel,1,Rel
R_1lnLF0rQ3biXSbK,3,Rel,Obj,0,Rel
R_1lnLF0rQ3biXSbK,6,Obj,Rel,1,Rel
R_1lnLF0rQ3biXSbK,2,Rel,Obj,0,Rel
R_1lnLF0rQ3biXSbK,4,Rel,Obj,0,Rel
R_1lnLF0rQ3biXSbK,8,Obj,Rel,1,Rel
R_1lnLF0rQ3biXSbK,7,Obj,Rel,1,Rel
R_3Mm44PUN5bz3OjI,2,Rel,Obj,1,Obj
R_3Mm44PUN5bz3OjI,1,Rel,Obj,1,Obj
R_3Mm44PUN5bz3OjI,7,Obj,Rel,0,Obj
R_3Mm44PUN5bz3OjI,4,Rel,Obj,1,Obj
R_3Mm44PUN5bz3OjI,6,Obj,Rel,0,Obj
R_3Mm44PUN5bz3OjI,3,Rel,Obj,1,Obj
R_3Mm44PUN5bz3OjI,8,Obj,Rel,0,Obj
R_3Mm44PUN5bz3OjI,5,Obj,Rel,0,Obj
R_1F9e3CRe4Tb8JhE,8,Obj,Rel,0,Obj
R_1F9e3CRe4Tb8JhE,4,Rel,Obj,1,Obj
R_1F9e3CRe4Tb8JhE,7,Obj,Rel,0,Obj
R_1F9e3CRe4Tb8JhE,5,Obj,Rel,0,Obj
R_1F9e3CRe4Tb8JhE,3,Rel,Obj,1,Obj
R_1F9e3CRe4Tb8JhE,1,Rel,Obj,0,Rel
R_1F9e3CRe4Tb8JhE,6,Obj,Rel,0,Obj
R_1F9e3CRe4Tb8JhE,2,Rel,Obj,0,Rel
R_2cbkPzQkCJBHWyP,1,Rel,Obj,0,Rel
R_2cbkPzQkCJBHWyP,7,Obj,Rel,1,Rel
R_2cbkPzQkCJBHWyP,5,Obj,Rel,1,Rel
R_2cbkPzQkCJBHWyP,6,Obj,Rel,1,Rel
R_2cbkPzQkCJBHWyP,3,Rel,Obj,0,Rel
R_2cbkPzQkCJBHWyP,2,Rel,Obj,0,Rel
R_2cbkPzQkCJBHWyP,4,Rel,Obj,0,Rel
R_2cbkPzQkCJBHWyP,8,Obj,Rel,1,Rel
R_1jE3EICtKRqcSDb,5,Obj,Rel,0,Obj
R_1jE3EICtKRqcSDb,2,Rel,Obj,0,Rel
R_1jE3EICtKRqcSDb,7,Obj,Rel,1,Rel
R_1jE3EICtKRqcSDb,1,Rel,Obj,1,Obj
R_1jE3EICtKRqcSDb,8,Obj,Rel,0,Obj
R_1jE3EICtKRqcSDb,4,Rel,Obj,1,Obj
R_1jE3EICtKRqcSDb,3,Rel,Obj,1,Obj
R_1jE3EICtKRqcSDb,6,Obj,Rel,0,Obj
R_1rkpS180enmUysj,4,Rel,Obj,0,Rel
R_1rkpS180enmUysj,8,Obj,Rel,0,Obj
R_1rkpS180enmUysj,3,Rel,Obj,1,Obj
R_1rkpS180enmUysj,5,Obj,Rel,1,Rel
R_1rkpS180enmUysj,7,Obj,Rel,0,Obj
R_1rkpS180enmUysj,2,Rel,Obj,1,Obj
R_1rkpS180enmUysj,1,Rel,Obj,0,Rel
R_1rkpS180enmUysj,6,Obj,Rel,1,Rel
R_2Yhxe1EG3CUlYJK,4,Rel,Obj,1,Obj
R_2Yhxe1EG3CUlYJK,1,Rel,Obj,1,Obj
R_2Yhxe1EG3CUlYJK,5,Obj,Rel,0,Obj
R_2Yhxe1EG3CUlYJK,6,Obj,Rel,0,Obj
R_2Yhxe1EG3CUlYJK,3,Rel,Obj,1,Obj
R_2Yhxe1EG3CUlYJK,2,Rel,Obj,1,Obj
R_2Yhxe1EG3CUlYJK,7,Obj,Rel,0,Obj
R_2Yhxe1EG3CUlYJK,8,Obj,Rel,0,Obj
R_1gdWv5GX938t7rt,2,Rel,Obj,0,Rel
R_1gdWv5GX938t7rt,5,Obj,Rel,1,Rel
R_1gdWv5GX938t7rt,1,Rel,Obj,0,Rel
R_1gdWv5GX938t7rt,4,Rel,Obj,0,Rel
R_1gdWv5GX938t7rt,3,Rel,Obj,0,Rel
R_1gdWv5GX938t7rt,8,Obj,Rel,1,Rel
R_1gdWv5GX938t7rt,6,Obj,Rel,1,Rel
R_1gdWv5GX938t7rt,7,Obj,Rel,1,Rel
R_1megTnQP8WMXclK,6,Obj,Rel,1,Rel
R_1megTnQP8WMXclK,2,Rel,Obj,0,Rel
R_1megTnQP8WMXclK,4,Rel,Obj,0,Rel
R_1megTnQP8WMXclK,7,Obj,Rel,1,Rel
R_1megTnQP8WMXclK,5,Obj,Rel,1,Rel
R_1megTnQP8WMXclK,1,Rel,Obj,0,Rel
R_1megTnQP8WMXclK,3,Rel,Obj,0,Rel
R_1megTnQP8WMXclK,8,Obj,Rel,1,Rel
R_2zJceBDE6LOaCWz,5,Obj,Rel,1,Rel
R_2zJceBDE6LOaCWz,4,Rel,Obj,1,Obj
R_2zJceBDE6LOaCWz,6,Obj,Rel,1,Rel
R_2zJceBDE6LOaCWz,8,Obj,Rel,0,Obj
R_2zJceBDE6LOaCWz,1,Rel,Obj,1,Obj
R_2zJceBDE6LOaCWz,7,Obj,Rel,0,Obj
R_2zJceBDE6LOaCWz,3,Rel,Obj,1,Obj
R_2zJceBDE6LOaCWz,2,Rel,Obj,1,Obj
R_3CEjKH1BmzA1CDY,8,Obj,Rel,1,Rel
R_3CEjKH1BmzA1CDY,1,Rel,Obj,0,Rel
R_3CEjKH1BmzA1CDY,5,Obj,Rel,1,Rel
R_3CEjKH1BmzA1CDY,2,Rel,Obj,0,Rel
R_3CEjKH1BmzA1CDY,6,Obj,Rel,1,Rel
R_3CEjKH1BmzA1CDY,3,Rel,Obj,0,Rel
R_3CEjKH1BmzA1CDY,7,Obj,Rel,1,Rel
R_3CEjKH1BmzA1CDY,4,Rel,Obj,0,Rel
R_BSs3rMfzpVPA9vH,2,Rel,Obj,1,Obj
R_BSs3rMfzpVPA9vH,1,Rel,Obj,1,Obj
R_BSs3rMfzpVPA9vH,6,Obj,Rel,1,Rel
R_BSs3rMfzpVPA9vH,4,Rel,Obj,1,Obj
R_BSs3rMfzpVPA9vH,3,Rel,Obj,1,Obj
R_BSs3rMfzpVPA9vH,8,Obj,Rel,0,Obj
R_BSs3rMfzpVPA9vH,7,Obj,Rel,0,Obj
R_BSs3rMfzpVPA9vH,5,Obj,Rel,1,Rel
R_1HhiPBhEZlHHZjR,7,Obj,Rel,1,Rel
R_1HhiPBhEZlHHZjR,5,Obj,Rel,1,Rel
R_1HhiPBhEZlHHZjR,8,Obj,Rel,1,Rel
R_1HhiPBhEZlHHZjR,2,Rel,Obj,0,Rel
R_1HhiPBhEZlHHZjR,4,Rel,Obj,0,Rel
R_1HhiPBhEZlHHZjR,1,Rel,Obj,0,Rel
R_1HhiPBhEZlHHZjR,6,Obj,Rel,1,Rel
R_1HhiPBhEZlHHZjR,3,Rel,Obj,0,Rel
R_erJc3hejUWXXmtb,3,Rel,Obj,1,Obj
R_erJc3hejUWXXmtb,2,Rel,Obj,1,Obj
R_erJc3hejUWXXmtb,7,Obj,Rel,0,Obj
R_erJc3hejUWXXmtb,4,Rel,Obj,1,Obj
R_erJc3hejUWXXmtb,6,Obj,Rel,0,Obj
R_erJc3hejUWXXmtb,5,Obj,Rel,0,Obj
R_erJc3hejUWXXmtb,1,Rel,Obj,1,Obj
R_erJc3hejUWXXmtb,8,Obj,Rel,0,Obj
R_3NV67BeT8swOBOf,4,Rel,Obj,0,Rel
R_3NV67BeT8swOBOf,2,Rel,Obj,0,Rel
R_3NV67BeT8swOBOf,7,Obj,Rel,1,Rel
R_3NV67BeT8swOBOf,6,Obj,Rel,1,Rel
R_3NV67BeT8swOBOf,1,Rel,Obj,0,Rel
R_3NV67BeT8swOBOf,3,Rel,Obj,0,Rel
R_3NV67BeT8swOBOf,5,Obj,Rel,1,Rel
R_3NV67BeT8swOBOf,8,Obj,Rel,1,Rel
R_3kiI8D41vqe0qhI,5,Obj,Rel,0,Obj
R_3kiI8D41vqe0qhI,2,Rel,Obj,1,Obj
R_3kiI8D41vqe0qhI,1,Rel,Obj,1,Obj
R_3kiI8D41vqe0qhI,8,Obj,Rel,0,Obj
R_3kiI8D41vqe0qhI,6,Obj,Rel,0,Obj
R_3kiI8D41vqe0qhI,4,Rel,Obj,1,Obj
R_3kiI8D41vqe0qhI,7,Obj,Rel,0,Obj
R_3kiI8D41vqe0qhI,3,Rel,Obj,1,Obj
R_0SrX3uRtXaupbhv,4,Rel,Obj,1,Obj
R_0SrX3uRtXaupbhv,1,Rel,Obj,1,Obj
R_0SrX3uRtXaupbhv,8,Obj,Rel,0,Obj
R_0SrX3uRtXaupbhv,2,Rel,Obj,1,Obj
R_0SrX3uRtXaupbhv,6,Obj,Rel,0,Obj
R_0SrX3uRtXaupbhv,7,Obj,Rel,0,Obj
R_0SrX3uRtXaupbhv,3,Rel,Obj,1,Obj
R_0SrX3uRtXaupbhv,5,Obj,Rel,0,Obj
R_2EE1eoKCYITmD0x,1,Rel,Obj,0,Rel
R_2EE1eoKCYITmD0x,8,Obj,Rel,1,Rel
R_2EE1eoKCYITmD0x,2,Rel,Obj,1,Obj
R_2EE1eoKCYITmD0x,7,Obj,Rel,0,Obj
R_2EE1eoKCYITmD0x,4,Rel,Obj,1,Obj
R_2EE1eoKCYITmD0x,5,Obj,Rel,1,Rel
R_2EE1eoKCYITmD0x,6,Obj,Rel,1,Rel
R_2EE1eoKCYITmD0x,3,Rel,Obj,1,Obj
R_1jTzy25ZCEPdmH8,5,Obj,Rel,1,Rel
R_1jTzy25ZCEPdmH8,7,Obj,Rel,1,Rel
R_1jTzy25ZCEPdmH8,6,Obj,Rel,1,Rel
R_1jTzy25ZCEPdmH8,4,Rel,Obj,0,Rel
R_1jTzy25ZCEPdmH8,8,Obj,Rel,1,Rel
R_1jTzy25ZCEPdmH8,1,Rel,Obj,0,Rel
R_1jTzy25ZCEPdmH8,2,Rel,Obj,0,Rel
R_1jTzy25ZCEPdmH8,3,Rel,Obj,0,Rel
R_tFgpQ636MClxHSV,3,Rel,Obj,0,Rel
R_tFgpQ636MClxHSV,8,Obj,Rel,1,Rel
R_tFgpQ636MClxHSV,1,Rel,Obj,0,Rel
R_tFgpQ636MClxHSV,7,Obj,Rel,1,Rel
R_tFgpQ636MClxHSV,2,Rel,Obj,0,Rel
R_tFgpQ636MClxHSV,5,Obj,Rel,1,Rel
R_tFgpQ636MClxHSV,6,Obj,Rel,1,Rel
R_tFgpQ636MClxHSV,4,Rel,Obj,0,Rel
R_1lid60axyi9vYiM,2,Rel,Obj,1,Obj
R_1lid60axyi9vYiM,7,Obj,Rel,0,Obj
R_1lid60axyi9vYiM,6,Obj,Rel,1,Rel
R_1lid60axyi9vYiM,1,Rel,Obj,0,Rel
R_1lid60axyi9vYiM,5,Obj,Rel,1,Rel
R_1lid60axyi9vYiM,8,Obj,Rel,1,Rel
R_1lid60axyi9vYiM,4,Rel,Obj,0,Rel
R_1lid60axyi9vYiM,3,Rel,Obj,0,Rel
R_2Vsg4M2YZmMyKjz,5,Obj,Rel,1,Rel
R_2Vsg4M2YZmMyKjz,7,Obj,Rel,0,Obj
R_2Vsg4M2YZmMyKjz,4,Rel,Obj,1,Obj
R_2Vsg4M2YZmMyKjz,8,Obj,Rel,0,Obj
R_2Vsg4M2YZmMyKjz,3,Rel,Obj,1,Obj
R_2Vsg4M2YZmMyKjz,1,Rel,Obj,1,Obj
R_2Vsg4M2YZmMyKjz,2,Rel,Obj,1,Obj
R_2Vsg4M2YZmMyKjz,6,Obj,Rel,0,Obj
R_3MGMh9Sgp0iytxz,3,Rel,Obj,0,Rel
R_3MGMh9Sgp0iytxz,4,Rel,Obj,0,Rel
R_3MGMh9Sgp0iytxz,2,Rel,Obj,0,Rel
R_3MGMh9Sgp0iytxz,6,Obj,Rel,1,Rel
R_3MGMh9Sgp0iytxz,7,Obj,Rel,1,Rel
R_3MGMh9Sgp0iytxz,8,Obj,Rel,1,Rel
R_3MGMh9Sgp0iytxz,1,Rel,Obj,0,Rel
R_3MGMh9Sgp0iytxz,5,Obj,Rel,1,Rel
R_stJitSzH6fcoJQl,8,Obj,Rel,0,Obj
R_stJitSzH6fcoJQl,3,Rel,Obj,0,Rel
R_stJitSzH6fcoJQl,1,Rel,Obj,1,Obj
R_stJitSzH6fcoJQl,2,Rel,Obj,0,Rel
R_stJitSzH6fcoJQl,5,Obj,Rel,1,Rel
R_stJitSzH6fcoJQl,6,Obj,Rel,0,Obj
R_stJitSzH6fcoJQl,7,Obj,Rel,1,Rel
R_stJitSzH6fcoJQl,4,Rel,Obj,1,Obj
R_0V8O8mrLiHO3Ghj,7,Obj,Rel,1,Rel
R_0V8O8mrLiHO3Ghj,6,Obj,Rel,1,Rel
R_0V8O8mrLiHO3Ghj,4,Rel,Obj,0,Rel
R_0V8O8mrLiHO3Ghj,8,Obj,Rel,1,Rel
R_0V8O8mrLiHO3Ghj,2,Rel,Obj,0,Rel
R_0V8O8mrLiHO3Ghj,5,Obj,Rel,1,Rel
R_0V8O8mrLiHO3Ghj,1,Rel,Obj,0,Rel
R_0V8O8mrLiHO3Ghj,3,Rel,Obj,0,Rel
R_OcAp18mvbm16c3T,3,Rel,Obj,1,Obj
R_OcAp18mvbm16c3T,4,Rel,Obj,1,Obj
R_OcAp18mvbm16c3T,6,Obj,Rel,0,Obj
R_OcAp18mvbm16c3T,8,Obj,Rel,0,Obj
R_OcAp18mvbm16c3T,2,Rel,Obj,1,Obj
R_OcAp18mvbm16c3T,1,Rel,Obj,1,Obj
R_OcAp18mvbm16c3T,7,Obj,Rel,0,Obj
R_OcAp18mvbm16c3T,5,Obj,Rel,0,Obj
R_3nNkwMznbY5izlu,5,Obj,Rel,1,Rel
R_3nNkwMznbY5izlu,2,Rel,Obj,0,Rel
R_3nNkwMznbY5izlu,8,Obj,Rel,0,Obj
R_3nNkwMznbY5izlu,7,Obj,Rel,1,Rel
R_3nNkwMznbY5izlu,6,Obj,Rel,1,Rel
R_3nNkwMznbY5izlu,1,Rel,Obj,0,Rel
R_3nNkwMznbY5izlu,4,Rel,Obj,0,Rel
R_3nNkwMznbY5izlu,3,Rel,Obj,0,Rel
R_3QK5ztYed67Jvtt,1,Rel,Obj,1,Obj
R_3QK5ztYed67Jvtt,5,Obj,Rel,0,Obj
R_3QK5ztYed67Jvtt,6,Obj,Rel,0,Obj
R_3QK5ztYed67Jvtt,2,Rel,Obj,1,Obj
R_3QK5ztYed67Jvtt,3,Rel,Obj,1,Obj
R_3QK5ztYed67Jvtt,8,Obj,Rel,0,Obj
R_3QK5ztYed67Jvtt,4,Rel,Obj,1,Obj
R_3QK5ztYed67Jvtt,7,Obj,Rel,0,Obj
R_27UO1S0s3ieEoLA,5,Obj,Rel,1,Rel
R_27UO1S0s3ieEoLA,3,Rel,Obj,1,Obj
R_27UO1S0s3ieEoLA,7,Obj,Rel,0,Obj
R_27UO1S0s3ieEoLA,2,Rel,Obj,1,Obj
R_27UO1S0s3ieEoLA,6,Obj,Rel,0,Obj
R_27UO1S0s3ieEoLA,8,Obj,Rel,0,Obj
R_27UO1S0s3ieEoLA,1,Rel,Obj,1,Obj
R_27UO1S0s3ieEoLA,4,Rel,Obj,1,Obj
R_2EygJSPG6ZHxoZT,8,Obj,Rel,1,Rel
R_2EygJSPG6ZHxoZT,7,Obj,Rel,1,Rel
R_2EygJSPG6ZHxoZT,3,Rel,Obj,0,Rel
R_2EygJSPG6ZHxoZT,6,Obj,Rel,1,Rel
R_2EygJSPG6ZHxoZT,5,Obj,Rel,1,Rel
R_2EygJSPG6ZHxoZT,2,Rel,Obj,0,Rel
R_2EygJSPG6ZHxoZT,1,Rel,Obj,0,Rel
R_2EygJSPG6ZHxoZT,4,Rel,Obj,0,Rel
R_1jwVt6I2kp6hzC1,8,Obj,Rel,0,Obj
R_1jwVt6I2kp6hzC1,3,Rel,Obj,1,Obj
R_1jwVt6I2kp6hzC1,7,Obj,Rel,0,Obj
R_1jwVt6I2kp6hzC1,2,Rel,Obj,1,Obj
R_1jwVt6I2kp6hzC1,4,Rel,Obj,1,Obj
R_1jwVt6I2kp6hzC1,5,Obj,Rel,0,Obj
R_1jwVt6I2kp6hzC1,1,Rel,Obj,1,Obj
R_1jwVt6I2kp6hzC1,6,Obj,Rel,0,Obj
R_1E0SHQwiV6CXRoo,5,Obj,Rel,1,Rel
R_1E0SHQwiV6CXRoo,6,Obj,Rel,0,Obj
R_1E0SHQwiV6CXRoo,4,Rel,Obj,1,Obj
R_1E0SHQwiV6CXRoo,1,Rel,Obj,1,Obj
R_1E0SHQwiV6CXRoo,8,Obj,Rel,0,Obj
R_1E0SHQwiV6CXRoo,7,Obj,Rel,1,Rel
R_1E0SHQwiV6CXRoo,2,Rel,Obj,0,Rel
R_1E0SHQwiV6CXRoo,3,Rel,Obj,0,Rel
R_2xUVpbmJeDe1jXl,3,Rel,Obj,0,Rel
R_2xUVpbmJeDe1jXl,4,Rel,Obj,0,Rel
R_2xUVpbmJeDe1jXl,6,Obj,Rel,1,Rel
R_2xUVpbmJeDe1jXl,8,Obj,Rel,1,Rel
R_2xUVpbmJeDe1jXl,2,Rel,Obj,0,Rel
R_2xUVpbmJeDe1jXl,1,Rel,Obj,0,Rel
R_2xUVpbmJeDe1jXl,5,Obj,Rel,0,Obj
R_2xUVpbmJeDe1jXl,7,Obj,Rel,1,Rel
R_2EbOvBx5lJjFEVs,5,Obj,Rel,1,Rel
R_2EbOvBx5lJjFEVs,6,Obj,Rel,1,Rel
R_2EbOvBx5lJjFEVs,7,Obj,Rel,1,Rel
R_2EbOvBx5lJjFEVs,4,Rel,Obj,0,Rel
R_2EbOvBx5lJjFEVs,2,Rel,Obj,0,Rel
R_2EbOvBx5lJjFEVs,1,Rel,Obj,0,Rel
R_2EbOvBx5lJjFEVs,3,Rel,Obj,0,Rel
R_2EbOvBx5lJjFEVs,8,Obj,Rel,1,Rel
R_diIFyEHcBgROYzn,8,Obj,Rel,1,Rel
R_diIFyEHcBgROYzn,5,Obj,Rel,0,Obj
R_diIFyEHcBgROYzn,2,Rel,Obj,1,Obj
R_diIFyEHcBgROYzn,4,Rel,Obj,1,Obj
R_diIFyEHcBgROYzn,3,Rel,Obj,1,Obj
R_diIFyEHcBgROYzn,1,Rel,Obj,1,Obj
R_diIFyEHcBgROYzn,6,Obj,Rel,1,Rel
R_diIFyEHcBgROYzn,7,Obj,Rel,1,Rel
R_STy7opVLSgSa2uB,4,Rel,Obj,0,Rel
R_STy7opVLSgSa2uB,6,Obj,Rel,1,Rel
R_STy7opVLSgSa2uB,2,Rel,Obj,0,Rel
R_STy7opVLSgSa2uB,8,Obj,Rel,1,Rel
R_STy7opVLSgSa2uB,1,Rel,Obj,0,Rel
R_STy7opVLSgSa2uB,7,Obj,Rel,1,Rel
R_STy7opVLSgSa2uB,5,Obj,Rel,1,Rel
R_STy7opVLSgSa2uB,3,Rel,Obj,0,Rel
R_241VRfsvJFmogaX,7,Obj,Rel,1,Rel
R_241VRfsvJFmogaX,1,Rel,Obj,0,Rel
R_241VRfsvJFmogaX,2,Rel,Obj,0,Rel
R_241VRfsvJFmogaX,4,Rel,Obj,0,Rel
R_241VRfsvJFmogaX,3,Rel,Obj,0,Rel
R_241VRfsvJFmogaX,6,Obj,Rel,1,Rel
R_241VRfsvJFmogaX,5,Obj,Rel,1,Rel
R_241VRfsvJFmogaX,8,Obj,Rel,1,Rel
R_Z4dlGjBixAkvcWZ,6,Obj,Rel,1,Rel
R_Z4dlGjBixAkvcWZ,7,Obj,Rel,1,Rel
R_Z4dlGjBixAkvcWZ,8,Obj,Rel,1,Rel
R_Z4dlGjBixAkvcWZ,3,Rel,Obj,0,Rel
R_Z4dlGjBixAkvcWZ,4,Rel,Obj,0,Rel
R_Z4dlGjBixAkvcWZ,1,Rel,Obj,0,Rel
R_Z4dlGjBixAkvcWZ,2,Rel,Obj,0,Rel
R_Z4dlGjBixAkvcWZ,5,Obj,Rel,1,Rel
R_1kH6NuS3MFdCgvH,6,Obj,Rel,0,Obj
R_1kH6NuS3MFdCgvH,7,Obj,Rel,0,Obj
R_1kH6NuS3MFdCgvH,2,Rel,Obj,1,Obj
R_1kH6NuS3MFdCgvH,4,Rel,Obj,1,Obj
R_1kH6NuS3MFdCgvH,8,Obj,Rel,0,Obj
R_1kH6NuS3MFdCgvH,1,Rel,Obj,1,Obj
R_1kH6NuS3MFdCgvH,3,Rel,Obj,1,Obj
R_1kH6NuS3MFdCgvH,5,Obj,Rel,0,Obj
R_2BmMaK6qZ72JwUo,4,Rel,Obj,1,Obj
R_2BmMaK6qZ72JwUo,1,Rel,Obj,0,Rel
R_2BmMaK6qZ72JwUo,2,Rel,Obj,0,Rel
R_2BmMaK6qZ72JwUo,5,Obj,Rel,1,Rel
R_2BmMaK6qZ72JwUo,7,Obj,Rel,0,Obj
R_2BmMaK6qZ72JwUo,3,Rel,Obj,1,Obj
R_2BmMaK6qZ72JwUo,8,Obj,Rel,0,Obj
R_2BmMaK6qZ72JwUo,6,Obj,Rel,1,Rel
R_3frS5bkaT1hzbPh,3,Rel,Obj,1,Obj
R_3frS5bkaT1hzbPh,4,Rel,Obj,1,Obj
R_3frS5bkaT1hzbPh,2,Rel,Obj,1,Obj
R_3frS5bkaT1hzbPh,7,Obj,Rel,0,Obj
R_3frS5bkaT1hzbPh,1,Rel,Obj,1,Obj
R_3frS5bkaT1hzbPh,6,Obj,Rel,0,Obj
R_3frS5bkaT1hzbPh,8,Obj,Rel,0,Obj
R_3frS5bkaT1hzbPh,5,Obj,Rel,0,Obj
R_38d0yOIMg2IDKPD,2,Rel,Obj,0,Rel
R_38d0yOIMg2IDKPD,6,Obj,Rel,0,Obj
R_38d0yOIMg2IDKPD,3,Rel,Obj,1,Obj
R_38d0yOIMg2IDKPD,8,Obj,Rel,1,Rel
R_38d0yOIMg2IDKPD,4,Rel,Obj,0,Rel
R_38d0yOIMg2IDKPD,7,Obj,Rel,1,Rel
R_38d0yOIMg2IDKPD,5,Obj,Rel,1,Rel
R_38d0yOIMg2IDKPD,1,Rel,Obj,0,Rel
R_2c60t6KOIDTWPQb,4,Rel,Obj,1,Obj
R_2c60t6KOIDTWPQb,6,Obj,Rel,0,Obj
R_2c60t6KOIDTWPQb,3,Rel,Obj,0,Rel
R_2c60t6KOIDTWPQb,5,Obj,Rel,0,Obj
R_2c60t6KOIDTWPQb,8,Obj,Rel,0,Obj
R_2c60t6KOIDTWPQb,7,Obj,Rel,1,Rel
R_2c60t6KOIDTWPQb,2,Rel,Obj,0,Rel
R_2c60t6KOIDTWPQb,1,Rel,Obj,0,Rel
R_2UbCC7xz1UziliD,2,Rel,Obj,0,Rel
R_2UbCC7xz1UziliD,5,Obj,Rel,1,Rel
R_2UbCC7xz1UziliD,7,Obj,Rel,1,Rel
R_2UbCC7xz1UziliD,1,Rel,Obj,0,Rel
R_2UbCC7xz1UziliD,8,Obj,Rel,1,Rel
R_2UbCC7xz1UziliD,3,Rel,Obj,0,Rel
R_2UbCC7xz1UziliD,6,Obj,Rel,1,Rel
R_2UbCC7xz1UziliD,4,Rel,Obj,0,Rel
R_3NxnmHwGoDxtu4s,3,Rel,Obj,1,Obj
R_3NxnmHwGoDxtu4s,2,Rel,Obj,0,Rel
R_3NxnmHwGoDxtu4s,4,Rel,Obj,0,Rel
R_3NxnmHwGoDxtu4s,7,Obj,Rel,1,Rel
R_3NxnmHwGoDxtu4s,8,Obj,Rel,1,Rel
R_3NxnmHwGoDxtu4s,5,Obj,Rel,1,Rel
R_3NxnmHwGoDxtu4s,6,Obj,Rel,1,Rel
R_3NxnmHwGoDxtu4s,1,Rel,Obj,0,Rel
R_RgdaG1r6ySaED3b,8,Obj,Rel,0,Obj
R_RgdaG1r6ySaED3b,4,Rel,Obj,1,Obj
R_RgdaG1r6ySaED3b,7,Obj,Rel,0,Obj
R_RgdaG1r6ySaED3b,5,Obj,Rel,0,Obj
R_RgdaG1r6ySaED3b,2,Rel,Obj,1,Obj
R_RgdaG1r6ySaED3b,3,Rel,Obj,1,Obj
R_RgdaG1r6ySaED3b,6,Obj,Rel,0,Obj
R_RgdaG1r6ySaED3b,1,Rel,Obj,1,Obj
R_3CE2gCFZK0jtWCd,3,Rel,Obj,1,Obj
R_3CE2gCFZK0jtWCd,6,Obj,Rel,1,Rel
R_3CE2gCFZK0jtWCd,2,Rel,Obj,1,Obj
R_3CE2gCFZK0jtWCd,4,Rel,Obj,1,Obj
R_3CE2gCFZK0jtWCd,1,Rel,Obj,1,Obj
R_3CE2gCFZK0jtWCd,7,Obj,Rel,0,Obj
R_3CE2gCFZK0jtWCd,8,Obj,Rel,0,Obj
R_3CE2gCFZK0jtWCd,5,Obj,Rel,0,Obj
R_3rMN6IUjtWzaYdA,5,Obj,Rel,0,Obj
R_3rMN6IUjtWzaYdA,7,Obj,Rel,0,Obj
R_3rMN6IUjtWzaYdA,1,Rel,Obj,1,Obj
R_3rMN6IUjtWzaYdA,3,Rel,Obj,1,Obj
R_3rMN6IUjtWzaYdA,8,Obj,Rel,0,Obj
R_3rMN6IUjtWzaYdA,6,Obj,Rel,0,Obj
R_3rMN6IUjtWzaYdA,2,Rel,Obj,1,Obj
R_3rMN6IUjtWzaYdA,4,Rel,Obj,1,Obj
R_pgCwFopl4N7tYjf,7,Obj,Rel,0,Obj
R_pgCwFopl4N7tYjf,4,Rel,Obj,1,Obj
R_pgCwFopl4N7tYjf,2,Rel,Obj,1,Obj
R_pgCwFopl4N7tYjf,1,Rel,Obj,1,Obj
R_pgCwFopl4N7tYjf,5,Obj,Rel,0,Obj
R_pgCwFopl4N7tYjf,3,Rel,Obj,1,Obj
R_pgCwFopl4N7tYjf,6,Obj,Rel,0,Obj
R_pgCwFopl4N7tYjf,8,Obj,Rel,0,Obj
R_3mfbXcSlJMSlbJg,2,Rel,Obj,1,Obj
R_3mfbXcSlJMSlbJg,7,Obj,Rel,0,Obj
R_3mfbXcSlJMSlbJg,8,Obj,Rel,1,Rel
R_3mfbXcSlJMSlbJg,1,Rel,Obj,1,Obj
R_3mfbXcSlJMSlbJg,3,Rel,Obj,0,Rel
R_3mfbXcSlJMSlbJg,5,Obj,Rel,1,Rel
R_3mfbXcSlJMSlbJg,4,Rel,Obj,1,Obj
R_3mfbXcSlJMSlbJg,6,Obj,Rel,0,Obj
R_ZsMPn5XJ1D0EdDX,6,Obj,Rel,0,Obj
R_ZsMPn5XJ1D0EdDX,3,Rel,Obj,1,Obj
R_ZsMPn5XJ1D0EdDX,5,Obj,Rel,0,Obj
R_ZsMPn5XJ1D0EdDX,8,Obj,Rel,0,Obj
R_ZsMPn5XJ1D0EdDX,1,Rel,Obj,1,Obj
R_ZsMPn5XJ1D0EdDX,2,Rel,Obj,1,Obj
R_ZsMPn5XJ1D0EdDX,4,Rel,Obj,1,Obj
R_ZsMPn5XJ1D0EdDX,7,Obj,Rel,0,Obj
R_27PhNRrx7TiOnxL,7,Obj,Rel,0,Obj
R_27PhNRrx7TiOnxL,5,Obj,Rel,0,Obj
R_27PhNRrx7TiOnxL,8,Obj,Rel,0,Obj
R_27PhNRrx7TiOnxL,6,Obj,Rel,0,Obj
R_27PhNRrx7TiOnxL,3,Rel,Obj,1,Obj
R_27PhNRrx7TiOnxL,1,Rel,Obj,1,Obj
R_27PhNRrx7TiOnxL,2,Rel,Obj,1,Obj
R_27PhNRrx7TiOnxL,4,Rel,Obj,1,Obj
R_1OE4UYt6m2Rizjh,6,Obj,Rel,1,Rel
R_1OE4UYt6m2Rizjh,7,Obj,Rel,1,Rel
R_1OE4UYt6m2Rizjh,4,Rel,Obj,0,Rel
R_1OE4UYt6m2Rizjh,2,Rel,Obj,0,Rel
R_1OE4UYt6m2Rizjh,5,Obj,Rel,1,Rel
R_1OE4UYt6m2Rizjh,3,Rel,Obj,1,Obj
R_1OE4UYt6m2Rizjh,8,Obj,Rel,1,Rel
R_1OE4UYt6m2Rizjh,1,Rel,Obj,1,Obj
R_OxLEJkniZlsCYut,3,Rel,Obj,0,Rel
R_OxLEJkniZlsCYut,1,Rel,Obj,0,Rel
R_OxLEJkniZlsCYut,4,Rel,Obj,0,Rel
R_OxLEJkniZlsCYut,2,Rel,Obj,0,Rel
R_OxLEJkniZlsCYut,6,Obj,Rel,1,Rel
R_OxLEJkniZlsCYut,7,Obj,Rel,1,Rel
R_OxLEJkniZlsCYut,8,Obj,Rel,1,Rel
R_OxLEJkniZlsCYut,5,Obj,Rel,1,Rel
R_2diK6ujlpXeIGGg,1,Rel,Obj,0,Rel
R_2diK6ujlpXeIGGg,5,Obj,Rel,1,Rel
R_2diK6ujlpXeIGGg,7,Obj,Rel,1,Rel
R_2diK6ujlpXeIGGg,8,Obj,Rel,1,Rel
R_2diK6ujlpXeIGGg,2,Rel,Obj,0,Rel
R_2diK6ujlpXeIGGg,3,Rel,Obj,0,Rel
R_2diK6ujlpXeIGGg,4,Rel,Obj,0,Rel
R_2diK6ujlpXeIGGg,6,Obj,Rel,1,Rel
R_tMnOA18LivcWZTH,8,Obj,Rel,0,Obj
R_tMnOA18LivcWZTH,6,Obj,Rel,0,Obj
R_tMnOA18LivcWZTH,7,Obj,Rel,0,Obj
R_tMnOA18LivcWZTH,5,Obj,Rel,0,Obj
R_tMnOA18LivcWZTH,4,Rel,Obj,0,Rel
R_tMnOA18LivcWZTH,2,Rel,Obj,1,Obj
R_tMnOA18LivcWZTH,3,Rel,Obj,1,Obj
R_tMnOA18LivcWZTH,1,Rel,Obj,0,Rel
R_ZrhKf7z3vIvV5Dj,5,Obj,Rel,1,Rel
R_ZrhKf7z3vIvV5Dj,6,Obj,Rel,1,Rel
R_ZrhKf7z3vIvV5Dj,8,Obj,Rel,1,Rel
R_ZrhKf7z3vIvV5Dj,4,Rel,Obj,0,Rel
R_ZrhKf7z3vIvV5Dj,3,Rel,Obj,0,Rel
R_ZrhKf7z3vIvV5Dj,1,Rel,Obj,0,Rel
R_ZrhKf7z3vIvV5Dj,2,Rel,Obj,0,Rel
R_ZrhKf7z3vIvV5Dj,7,Obj,Rel,1,Rel
R_2SeJv2phDwASPUs,7,Obj,Rel,0,Obj
R_2SeJv2phDwASPUs,4,Rel,Obj,1,Obj
R_2SeJv2phDwASPUs,8,Obj,Rel,0,Obj
R_2SeJv2phDwASPUs,3,Rel,Obj,1,Obj
R_2SeJv2phDwASPUs,5,Obj,Rel,0,Obj
R_2SeJv2phDwASPUs,1,Rel,Obj,1,Obj
R_2SeJv2phDwASPUs,2,Rel,Obj,1,Obj
R_2SeJv2phDwASPUs,6,Obj,Rel,0,Obj
R_1pRLQotumrUJQrp,2,Rel,Obj,1,Obj
R_1pRLQotumrUJQrp,5,Obj,Rel,1,Rel
R_1pRLQotumrUJQrp,6,Obj,Rel,1,Rel
R_1pRLQotumrUJQrp,1,Rel,Obj,0,Rel
R_1pRLQotumrUJQrp,4,Rel,Obj,0,Rel
R_1pRLQotumrUJQrp,8,Obj,Rel,1,Rel
R_1pRLQotumrUJQrp,7,Obj,Rel,1,Rel
R_1pRLQotumrUJQrp,3,Rel,Obj,0,Rel
R_22Jp6grkS81F9Gj,4,Rel,Obj,1,Obj
R_22Jp6grkS81F9Gj,1,Rel,Obj,1,Obj
R_22Jp6grkS81F9Gj,5,Obj,Rel,0,Obj
R_22Jp6grkS81F9Gj,6,Obj,Rel,0,Obj
R_22Jp6grkS81F9Gj,8,Obj,Rel,0,Obj
R_22Jp6grkS81F9Gj,2,Rel,Obj,1,Obj
R_22Jp6grkS81F9Gj,7,Obj,Rel,0,Obj
R_22Jp6grkS81F9Gj,3,Rel,Obj,1,Obj
R_3fN584buVNFokdb,8,Obj,Rel,0,Obj
R_3fN584buVNFokdb,7,Obj,Rel,0,Obj
R_3fN584buVNFokdb,2,Rel,Obj,1,Obj
R_3fN584buVNFokdb,4,Rel,Obj,1,Obj
R_3fN584buVNFokdb,3,Rel,Obj,1,Obj
R_3fN584buVNFokdb,1,Rel,Obj,1,Obj
R_3fN584buVNFokdb,5,Obj,Rel,0,Obj
R_3fN584buVNFokdb,6,Obj,Rel,0,Obj
R_3NCjdjlKV3JNqyx,7,Obj,Rel,0,Obj
R_3NCjdjlKV3JNqyx,8,Obj,Rel,0,Obj
R_3NCjdjlKV3JNqyx,4,Rel,Obj,0,Rel
R_3NCjdjlKV3JNqyx,5,Obj,Rel,1,Rel
R_3NCjdjlKV3JNqyx,2,Rel,Obj,1,Obj
R_3NCjdjlKV3JNqyx,6,Obj,Rel,0,Obj
R_3NCjdjlKV3JNqyx,1,Rel,Obj,1,Obj
R_3NCjdjlKV3JNqyx,3,Rel,Obj,0,Rel
R_30pNjxW806uuPXi,2,Rel,Obj,1,Obj
R_30pNjxW806uuPXi,5,Obj,Rel,1,Rel
R_30pNjxW806uuPXi,7,Obj,Rel,0,Obj
R_30pNjxW806uuPXi,1,Rel,Obj,1,Obj
R_30pNjxW806uuPXi,6,Obj,Rel,0,Obj
R_30pNjxW806uuPXi,4,Rel,Obj,1,Obj
R_30pNjxW806uuPXi,8,Obj,Rel,1,Rel
R_30pNjxW806uuPXi,3,Rel,Obj,0,Rel
R_2P8cJ2lBsyjGTlB,4,Rel,Obj,1,Obj
R_2P8cJ2lBsyjGTlB,1,Rel,Obj,1,Obj
R_2P8cJ2lBsyjGTlB,7,Obj,Rel,0,Obj
R_2P8cJ2lBsyjGTlB,3,Rel,Obj,1,Obj
R_2P8cJ2lBsyjGTlB,2,Rel,Obj,1,Obj
R_2P8cJ2lBsyjGTlB,6,Obj,Rel,0,Obj
R_2P8cJ2lBsyjGTlB,8,Obj,Rel,0,Obj
R_2P8cJ2lBsyjGTlB,5,Obj,Rel,0,Obj
R_27qyv5Bel1mqFxf,2,Rel,Obj,0,Rel
R_27qyv5Bel1mqFxf,7,Obj,Rel,1,Rel
R_27qyv5Bel1mqFxf,6,Obj,Rel,1,Rel
R_27qyv5Bel1mqFxf,3,Rel,Obj,0,Rel
R_27qyv5Bel1mqFxf,4,Rel,Obj,0,Rel
R_27qyv5Bel1mqFxf,8,Obj,Rel,1,Rel
R_27qyv5Bel1mqFxf,1,Rel,Obj,0,Rel
R_27qyv5Bel1mqFxf,5,Obj,Rel,1,Rel
R_AzBa4CxaQ0AUFP3,6,Obj,Rel,1,Rel
R_AzBa4CxaQ0AUFP3,4,Rel,Obj,0,Rel
R_AzBa4CxaQ0AUFP3,7,Obj,Rel,1,Rel
R_AzBa4CxaQ0AUFP3,1,Rel,Obj,0,Rel
R_AzBa4CxaQ0AUFP3,5,Obj,Rel,1,Rel
R_AzBa4CxaQ0AUFP3,3,Rel,Obj,0,Rel
R_AzBa4CxaQ0AUFP3,2,Rel,Obj,0,Rel
R_AzBa4CxaQ0AUFP3,8,Obj,Rel,1,Rel
R_DVkTUcJQPPTUhd7,8,Obj,Rel,1,Rel
R_DVkTUcJQPPTUhd7,6,Obj,Rel,1,Rel
R_DVkTUcJQPPTUhd7,4,Rel,Obj,0,Rel
R_DVkTUcJQPPTUhd7,2,Rel,Obj,0,Rel
R_DVkTUcJQPPTUhd7,5,Obj,Rel,1,Rel
R_DVkTUcJQPPTUhd7,3,Rel,Obj,0,Rel
R_DVkTUcJQPPTUhd7,1,Rel,Obj,0,Rel
R_DVkTUcJQPPTUhd7,7,Obj,Rel,1,Rel
R_9SPpgQJ7iKbQSKR,8,Obj,Rel,0,Obj
R_9SPpgQJ7iKbQSKR,3,Rel,Obj,1,Obj
R_9SPpgQJ7iKbQSKR,1,Rel,Obj,0,Rel
R_9SPpgQJ7iKbQSKR,5,Obj,Rel,0,Obj
R_9SPpgQJ7iKbQSKR,7,Obj,Rel,0,Obj
R_9SPpgQJ7iKbQSKR,6,Obj,Rel,0,Obj
R_9SPpgQJ7iKbQSKR,4,Rel,Obj,1,Obj
R_9SPpgQJ7iKbQSKR,2,Rel,Obj,0,Rel
R_3imx2cnhkoJOQDk,2,Rel,Obj,1,Obj
R_3imx2cnhkoJOQDk,5,Obj,Rel,0,Obj
R_3imx2cnhkoJOQDk,7,Obj,Rel,0,Obj
R_3imx2cnhkoJOQDk,8,Obj,Rel,0,Obj
R_3imx2cnhkoJOQDk,1,Rel,Obj,1,Obj
R_3imx2cnhkoJOQDk,3,Rel,Obj,1,Obj
R_3imx2cnhkoJOQDk,6,Obj,Rel,0,Obj
R_3imx2cnhkoJOQDk,4,Rel,Obj,1,Obj
R_1dLxziNIY5kGLjd,5,Obj,Rel,0,Obj
R_1dLxziNIY5kGLjd,3,Rel,Obj,1,Obj
R_1dLxziNIY5kGLjd,7,Obj,Rel,0,Obj
R_1dLxziNIY5kGLjd,2,Rel,Obj,1,Obj
R_1dLxziNIY5kGLjd,1,Rel,Obj,1,Obj
R_1dLxziNIY5kGLjd,6,Obj,Rel,0,Obj
R_1dLxziNIY5kGLjd,8,Obj,Rel,0,Obj
R_1dLxziNIY5kGLjd,4,Rel,Obj,1,Obj
R_3e4uf0BTRRix7Q1,3,Rel,Obj,1,Obj
R_3e4uf0BTRRix7Q1,5,Obj,Rel,0,Obj
R_3e4uf0BTRRix7Q1,1,Rel,Obj,1,Obj
R_3e4uf0BTRRix7Q1,4,Rel,Obj,1,Obj
R_3e4uf0BTRRix7Q1,2,Rel,Obj,1,Obj
R_3e4uf0BTRRix7Q1,6,Obj,Rel,0,Obj
R_3e4uf0BTRRix7Q1,8,Obj,Rel,0,Obj
R_3e4uf0BTRRix7Q1,7,Obj,Rel,0,Obj
R_3qQgm6HU6SzL5rW,8,Obj,Rel,1,Rel
R_3qQgm6HU6SzL5rW,6,Obj,Rel,0,Obj
R_3qQgm6HU6SzL5rW,3,Rel,Obj,0,Rel
R_3qQgm6HU6SzL5rW,2,Rel,Obj,1,Obj
R_3qQgm6HU6SzL5rW,4,Rel,Obj,1,Obj
R_3qQgm6HU6SzL5rW,7,Obj,Rel,0,Obj
R_3qQgm6HU6SzL5rW,5,Obj,Rel,0,Obj
R_3qQgm6HU6SzL5rW,1,Rel,Obj,1,Obj
R_25FgHNiNx7jLHy1,7,Obj,Rel,0,Obj
R_25FgHNiNx7jLHy1,8,Obj,Rel,0,Obj
R_25FgHNiNx7jLHy1,6,Obj,Rel,0,Obj
R_25FgHNiNx7jLHy1,5,Obj,Rel,0,Obj
R_25FgHNiNx7jLHy1,2,Rel,Obj,1,Obj
R_25FgHNiNx7jLHy1,1,Rel,Obj,1,Obj
R_25FgHNiNx7jLHy1,3,Rel,Obj,1,Obj
R_25FgHNiNx7jLHy1,4,Rel,Obj,1,Obj
R_1GPuj1DFOUqlnm3,4,Rel,Obj,1,Obj
R_1GPuj1DFOUqlnm3,3,Rel,Obj,1,Obj
R_1GPuj1DFOUqlnm3,7,Obj,Rel,0,Obj
R_1GPuj1DFOUqlnm3,1,Rel,Obj,1,Obj
R_1GPuj1DFOUqlnm3,6,Obj,Rel,0,Obj
R_1GPuj1DFOUqlnm3,5,Obj,Rel,0,Obj
R_1GPuj1DFOUqlnm3,2,Rel,Obj,1,Obj
R_1GPuj1DFOUqlnm3,8,Obj,Rel,0,Obj
R_AhTggtRHxH6xrTb,3,Rel,Obj,1,Obj
R_AhTggtRHxH6xrTb,5,Obj,Rel,1,Rel
R_AhTggtRHxH6xrTb,8,Obj,Rel,1,Rel
R_AhTggtRHxH6xrTb,1,Rel,Obj,1,Obj
R_AhTggtRHxH6xrTb,6,Obj,Rel,0,Obj
R_AhTggtRHxH6xrTb,4,Rel,Obj,1,Obj
R_AhTggtRHxH6xrTb,7,Obj,Rel,0,Obj
R_AhTggtRHxH6xrTb,2,Rel,Obj,1,Obj
R_powEV8HrAm5kefT,1,Rel,Obj,0,Rel
R_powEV8HrAm5kefT,7,Obj,Rel,1,Rel
R_powEV8HrAm5kefT,8,Obj,Rel,1,Rel
R_powEV8HrAm5kefT,3,Rel,Obj,0,Rel
R_powEV8HrAm5kefT,4,Rel,Obj,0,Rel
R_powEV8HrAm5kefT,2,Rel,Obj,0,Rel
R_powEV8HrAm5kefT,5,Obj,Rel,1,Rel
R_powEV8HrAm5kefT,6,Obj,Rel,1,Rel
R_Zn7GJrKUdp5u6EV,7,Obj,Rel,1,Rel
R_Zn7GJrKUdp5u6EV,2,Rel,Obj,0,Rel
R_Zn7GJrKUdp5u6EV,3,Rel,Obj,0,Rel
R_Zn7GJrKUdp5u6EV,1,Rel,Obj,0,Rel
R_Zn7GJrKUdp5u6EV,6,Obj,Rel,1,Rel
R_Zn7GJrKUdp5u6EV,8,Obj,Rel,1,Rel
R_Zn7GJrKUdp5u6EV,4,Rel,Obj,0,Rel
R_Zn7GJrKUdp5u6EV,5,Obj,Rel,1,Rel
R_1eE6wx2nF8cvSOT,4,Rel,Obj,0,Rel
R_1eE6wx2nF8cvSOT,6,Obj,Rel,1,Rel
R_1eE6wx2nF8cvSOT,5,Obj,Rel,1,Rel
R_1eE6wx2nF8cvSOT,8,Obj,Rel,1,Rel
R_1eE6wx2nF8cvSOT,7,Obj,Rel,1,Rel
R_1eE6wx2nF8cvSOT,3,Rel,Obj,0,Rel
R_1eE6wx2nF8cvSOT,1,Rel,Obj,0,Rel
R_1eE6wx2nF8cvSOT,2,Rel,Obj,0,Rel
R_3qJsVNh0pu6O3Dv,2,Rel,Obj,1,Obj
R_3qJsVNh0pu6O3Dv,4,Rel,Obj,1,Obj
R_3qJsVNh0pu6O3Dv,6,Obj,Rel,0,Obj
R_3qJsVNh0pu6O3Dv,7,Obj,Rel,0,Obj
R_3qJsVNh0pu6O3Dv,1,Rel,Obj,1,Obj
R_3qJsVNh0pu6O3Dv,3,Rel,Obj,1,Obj
R_3qJsVNh0pu6O3Dv,8,Obj,Rel,0,Obj
R_3qJsVNh0pu6O3Dv,5,Obj,Rel,0,Obj
R_2TLxKvKECbsTFdR,3,Rel,Obj,0,Rel
R_2TLxKvKECbsTFdR,8,Obj,Rel,1,Rel
R_2TLxKvKECbsTFdR,6,Obj,Rel,1,Rel
R_2TLxKvKECbsTFdR,4,Rel,Obj,0,Rel
R_2TLxKvKECbsTFdR,5,Obj,Rel,1,Rel
R_2TLxKvKECbsTFdR,7,Obj,Rel,1,Rel
R_2TLxKvKECbsTFdR,2,Rel,Obj,0,Rel
R_2TLxKvKECbsTFdR,1,Rel,Obj,0,Rel
R_1eDGwWwkcJ4RcHh,2,Rel,Obj,1,Obj
R_1eDGwWwkcJ4RcHh,7,Obj,Rel,0,Obj
R_1eDGwWwkcJ4RcHh,6,Obj,Rel,0,Obj
R_1eDGwWwkcJ4RcHh,8,Obj,Rel,0,Obj
R_1eDGwWwkcJ4RcHh,5,Obj,Rel,0,Obj
R_1eDGwWwkcJ4RcHh,3,Rel,Obj,1,Obj
R_1eDGwWwkcJ4RcHh,1,Rel,Obj,1,Obj
R_1eDGwWwkcJ4RcHh,4,Rel,Obj,1,Obj
R_28zFXIh1LYIaHcN,7,Obj,Rel,0,Obj
R_28zFXIh1LYIaHcN,6,Obj,Rel,1,Rel
R_28zFXIh1LYIaHcN,1,Rel,Obj,0,Rel
R_28zFXIh1LYIaHcN,4,Rel,Obj,0,Rel
R_28zFXIh1LYIaHcN,2,Rel,Obj,0,Rel
R_28zFXIh1LYIaHcN,8,Obj,Rel,1,Rel
R_28zFXIh1LYIaHcN,5,Obj,Rel,1,Rel
R_28zFXIh1LYIaHcN,3,Rel,Obj,0,Rel
R_3sv4xw6L5zoVixI,2,Rel,Obj,1,Obj
R_3sv4xw6L5zoVixI,1,Rel,Obj,1,Obj
R_3sv4xw6L5zoVixI,5,Obj,Rel,0,Obj
R_3sv4xw6L5zoVixI,6,Obj,Rel,0,Obj
R_3sv4xw6L5zoVixI,8,Obj,Rel,0,Obj
R_3sv4xw6L5zoVixI,4,Rel,Obj,1,Obj
R_3sv4xw6L5zoVixI,3,Rel,Obj,1,Obj
R_3sv4xw6L5zoVixI,7,Obj,Rel,0,Obj
R_1f41O3bT8d4qnCS,7,Obj,Rel,1,Rel
R_1f41O3bT8d4qnCS,8,Obj,Rel,1,Rel
R_1f41O3bT8d4qnCS,2,Rel,Obj,0,Rel
R_1f41O3bT8d4qnCS,1,Rel,Obj,0,Rel
R_1f41O3bT8d4qnCS,4,Rel,Obj,0,Rel
R_1f41O3bT8d4qnCS,6,Obj,Rel,1,Rel
R_1f41O3bT8d4qnCS,3,Rel,Obj,0,Rel
R_1f41O3bT8d4qnCS,5,Obj,Rel,1,Rel
R_1BW5H5J1jQFEpuk,2,Rel,Obj,0,Rel
R_1BW5H5J1jQFEpuk,8,Obj,Rel,1,Rel
R_1BW5H5J1jQFEpuk,5,Obj,Rel,1,Rel
R_1BW5H5J1jQFEpuk,1,Rel,Obj,0,Rel
R_1BW5H5J1jQFEpuk,3,Rel,Obj,0,Rel
R_1BW5H5J1jQFEpuk,7,Obj,Rel,1,Rel
R_1BW5H5J1jQFEpuk,6,Obj,Rel,1,Rel
R_1BW5H5J1jQFEpuk,4,Rel,Obj,0,Rel
R_s6iUmY4UoTzeaPv,8,Obj,Rel,1,Rel
R_s6iUmY4UoTzeaPv,4,Rel,Obj,0,Rel
R_s6iUmY4UoTzeaPv,7,Obj,Rel,1,Rel
R_s6iUmY4UoTzeaPv,2,Rel,Obj,0,Rel
R_s6iUmY4UoTzeaPv,3,Rel,Obj,0,Rel
R_s6iUmY4UoTzeaPv,5,Obj,Rel,1,Rel
R_s6iUmY4UoTzeaPv,1,Rel,Obj,0,Rel
R_s6iUmY4UoTzeaPv,6,Obj,Rel,1,Rel
R_50hX07iWPUyBvdD,1,Rel,Obj,0,Rel
R_50hX07iWPUyBvdD,7,Obj,Rel,1,Rel
R_50hX07iWPUyBvdD,8,Obj,Rel,1,Rel
R_50hX07iWPUyBvdD,2,Rel,Obj,0,Rel
R_50hX07iWPUyBvdD,6,Obj,Rel,1,Rel
R_50hX07iWPUyBvdD,5,Obj,Rel,1,Rel
R_50hX07iWPUyBvdD,3,Rel,Obj,0,Rel
R_50hX07iWPUyBvdD,4,Rel,Obj,0,Rel
R_qznZkCoLEOW5237,2,Rel,Obj,0,Rel
R_qznZkCoLEOW5237,1,Rel,Obj,0,Rel
R_qznZkCoLEOW5237,6,Obj,Rel,1,Rel
R_qznZkCoLEOW5237,4,Rel,Obj,0,Rel
R_qznZkCoLEOW5237,8,Obj,Rel,1,Rel
R_qznZkCoLEOW5237,3,Rel,Obj,0,Rel
R_qznZkCoLEOW5237,5,Obj,Rel,1,Rel
R_qznZkCoLEOW5237,7,Obj,Rel,1,Rel
R_1ONTbHt5TJisuds,6,Obj,Rel,1,Rel
R_1ONTbHt5TJisuds,4,Rel,Obj,0,Rel
R_1ONTbHt5TJisuds,8,Obj,Rel,1,Rel
R_1ONTbHt5TJisuds,2,Rel,Obj,0,Rel
R_1ONTbHt5TJisuds,3,Rel,Obj,0,Rel
R_1ONTbHt5TJisuds,7,Obj,Rel,1,Rel
R_1ONTbHt5TJisuds,5,Obj,Rel,1,Rel
R_1ONTbHt5TJisuds,1,Rel,Obj,0,Rel
R_OxUZEqBHHiUOFot,2,Rel,Obj,1,Obj
R_OxUZEqBHHiUOFot,5,Obj,Rel,1,Rel
R_OxUZEqBHHiUOFot,1,Rel,Obj,0,Rel
R_OxUZEqBHHiUOFot,4,Rel,Obj,0,Rel
R_OxUZEqBHHiUOFot,8,Obj,Rel,1,Rel
R_OxUZEqBHHiUOFot,7,Obj,Rel,1,Rel
R_OxUZEqBHHiUOFot,3,Rel,Obj,0,Rel
R_OxUZEqBHHiUOFot,6,Obj,Rel,1,Rel
R_3382OQGsnwVdry2,8,Obj,Rel,0,Obj
R_3382OQGsnwVdry2,5,Obj,Rel,0,Obj
R_3382OQGsnwVdry2,2,Rel,Obj,1,Obj
R_3382OQGsnwVdry2,7,Obj,Rel,0,Obj
R_3382OQGsnwVdry2,4,Rel,Obj,1,Obj
R_3382OQGsnwVdry2,6,Obj,Rel,0,Obj
R_3382OQGsnwVdry2,1,Rel,Obj,1,Obj
R_3382OQGsnwVdry2,3,Rel,Obj,1,Obj
R_3ltzn1PhZN7PqBn,4,Rel,Obj,1,Obj
R_3ltzn1PhZN7PqBn,6,Obj,Rel,1,Rel
R_3ltzn1PhZN7PqBn,5,Obj,Rel,0,Obj
R_3ltzn1PhZN7PqBn,7,Obj,Rel,1,Rel
R_3ltzn1PhZN7PqBn,2,Rel,Obj,0,Rel
R_3ltzn1PhZN7PqBn,1,Rel,Obj,1,Obj
R_3ltzn1PhZN7PqBn,8,Obj,Rel,0,Obj
R_3ltzn1PhZN7PqBn,3,Rel,Obj,1,Obj
