"","X","no_categories","Participant","Code","group_name"
"1",1,11,"8",100,"eng_mono"
"2",2,6,"7",112,"south_asian"
"3",3,6,"1",101,"non_asian_multi"
"4",4,13,"9",100,"eng_mono"
"5",5,7,"10",100,"eng_mono"
"6",6,15,"11",100,"eng_mono"
"7",7,4,"12",101,"non_asian_multi"
"8",8,10,"13",100,"eng_mono"
"9",9,12,"14",100,"eng_mono"
"10",10,12,"15",100,"eng_mono"
"11",11,7,"16",100,"eng_mono"
"12",12,10,"17",100,"eng_mono"
"13",13,9,"18",101,"non_asian_multi"
"14",14,4,"19",100,"eng_mono"
"15",15,9,"2",101,"non_asian_multi"
"16",16,12,"20",101,"non_asian_multi"
"17",17,8,"23",101,"non_asian_multi"
"18",18,7,"25",100,"eng_mono"
"19",19,6,"26",111,"east_asian"
"20",20,8,"27",111,"east_asian"
"21",21,13,"28",100,"eng_mono"
"22",22,12,"29",100,"eng_mono"
"23",23,11,"3",111,"east_asian"
"24",24,7,"30",112,"south_asian"
"25",25,8,"31",100,"eng_mono"
"26",26,13,"32",111,"east_asian"
"27",27,9,"33",100,"eng_mono"
"28",28,10,"34",112,"south_asian"
"29",29,10,"35",100,"eng_mono"
"30",30,11,"36",100,"eng_mono"
"31",31,10,"37",113,"se_asian"
"32",32,9,"38",101,"non_asian_multi"
"33",33,8,"4",111,"east_asian"
"34",34,15,"40",100,"eng_mono"
"35",35,10,"41",100,"eng_mono"
"36",36,7,"42",101,"non_asian_multi"
"37",37,10,"43",100,"eng_mono"
"38",38,13,"44",100,"eng_mono"
"39",39,8,"45",101,"non_asian_multi"
"40",40,11,"46",100,"eng_mono"
"41",41,9,"47",100,"eng_mono"
"42",42,9,"48",100,"eng_mono"
"43",43,9,"49",100,"eng_mono"
"44",44,13,"5",101,"non_asian_multi"
"45",45,4,"50",101,"non_asian_multi"
"46",46,10,"51",100,"eng_mono"
"47",47,15,"52",100,"eng_mono"
"48",48,8,"53",112,"south_asian"
"49",49,15,"54",100,"eng_mono"
"50",50,9,"55",100,"eng_mono"
"51",51,12,"56",100,"eng_mono"
"52",52,15,"58",101,"non_asian_multi"
"53",53,12,"59",100,"eng_mono"
"54",54,13,"6",111,"east_asian"
"55",55,9,"78",100,"eng_mono"
"56",56,11,"87",112,"south_asian"
"57",57,10,"90",100,"eng_mono"
"58",58,11,"91",101,"non_asian_multi"
"59",59,7,"96",100,"eng_mono"
"60",60,7,"105",100,"eng_mono"
"61",61,11,"110",101,"non_asian_multi"
"62",62,9,"111",111,"east_asian"
"63",63,12,"115",101,"non_asian_multi"
"64",64,10,"121",101,"non_asian_multi"
"65",65,10,"123",100,"eng_mono"
"66",66,10,"125",100,"eng_mono"
"67",67,9,"129",111,"east_asian"
"68",68,10,"132",101,"non_asian_multi"
"69",69,7,"133",100,"eng_mono"
"70",70,10,"135",100,"eng_mono"
"71",71,6,"148",111,"east_asian"
"72",72,11,"151",100,"eng_mono"
"73",73,13,"152",100,"eng_mono"
"74",74,8,"153",100,"eng_mono"
"75",75,11,"155",111,"east_asian"
"76",76,11,"156",112,"south_asian"
"77",77,7,"157",101,"non_asian_multi"
"78",78,5,"158",101,"non_asian_multi"
"79",79,8,"159",111,"east_asian"
"80",80,5,"160",100,"eng_mono"
"81",81,14,"161",111,"east_asian"
"82",82,7,"162",111,"east_asian"
"83",83,7,"163",101,"non_asian_multi"
"84",84,6,"164",112,"south_asian"
"85",85,8,"165",101,"non_asian_multi"
"86",86,7,"166",100,"eng_mono"
"87",87,7,"167",101,"non_asian_multi"
"88",88,11,"168",101,"non_asian_multi"
"89",89,11,"169",111,"east_asian"
"90",90,8,"500",100,"eng_mono"
"91",91,12,"501",101,"non_asian_multi"
"92",92,6,"502",111,"east_asian"
"93",93,15,"503",100,"eng_mono"
"94",94,5,"504",100,"eng_mono"
"95",95,8,"505",100,"eng_mono"
"96",96,10,"506",100,"eng_mono"
"97",97,7,"507",100,"eng_mono"
"98",98,12,"508",100,"eng_mono"
"99",99,9,"509",100,"eng_mono"
"100",100,6,"510",112,"south_asian"
"101",101,10,"511",100,"eng_mono"
"102",102,6,"512",100,"eng_mono"
"103",103,12,"513",112,"south_asian"
"104",104,6,"514",112,"south_asian"
"105",105,11,"515",100,"eng_mono"
"106",106,14,"516",111,"east_asian"
"107",107,7,"517",100,"eng_mono"
"108",108,7,"518",100,"eng_mono"
"109",109,7,"519",101,"non_asian_multi"
"110",110,10,"520",100,"eng_mono"
"111",111,9,"521",101,"non_asian_multi"
"112",112,10,"522",101,"non_asian_multi"
"113",113,10,"525",112,"south_asian"
"114",114,9,"526",100,"eng_mono"
"115",115,12,"527",100,"eng_mono"
"116",116,9,"528",113,"se_asian"
"117",117,5,"529",113,"se_asian"
"118",118,8,"530",100,"eng_mono"
"119",119,9,"601",101,"non_asian_multi"
"120",120,8,"603",101,"non_asian_multi"
"121",121,4,"604",101,"non_asian_multi"
"122",122,9,"605",101,"non_asian_multi"
"123",123,12,"608",101,"non_asian_multi"
"124",124,6,"611",101,"non_asian_multi"
"125",125,5,"612",101,"non_asian_multi"
"126",126,7,"613",101,"non_asian_multi"
"127",127,8,"614",101,"non_asian_multi"
"128",128,8,"615",101,"non_asian_multi"
"129",129,9,"616",101,"non_asian_multi"
"130",130,7,"618",101,"non_asian_multi"
"131",131,10,"619",101,"non_asian_multi"
"132",132,6,"620",101,"non_asian_multi"
"133",133,5,"621",101,"non_asian_multi"
"134",134,5,"622",101,"non_asian_multi"
"135",135,8,"623",112,"south_asian"
"136",136,4,"626",112,"south_asian"
"137",137,7,"627",112,"south_asian"
"138",138,6,"628",112,"south_asian"
"139",139,8,"631",112,"south_asian"
"140",140,13,"632",112,"south_asian"
"141",141,13,"633",112,"south_asian"
"142",142,6,"634",112,"south_asian"
"143",143,11,"635",112,"south_asian"
"144",144,10,"636",112,"south_asian"
"145",145,9,"637",112,"south_asian"
"146",146,5,"641",112,"south_asian"
"147",147,4,"643",113,"se_asian"
"148",148,7,"644",113,"se_asian"
"149",149,9,"646",113,"se_asian"
"150",150,8,"647",113,"se_asian"
"151",151,5,"651",113,"se_asian"
"152",152,14,"652",113,"se_asian"
"153",153,8,"657",113,"se_asian"
"154",154,7,"662",113,"se_asian"
"155",155,15,"664",113,"se_asian"
"156",156,9,"665",113,"se_asian"
"157",157,9,"667",113,"se_asian"
"158",158,8,"668",111,"east_asian"
"159",159,8,"671",111,"east_asian"
"160",160,8,"676",111,"east_asian"
"161",161,7,"677",111,"east_asian"
"162",162,10,"678",111,"east_asian"
"163",163,10,"679",111,"east_asian"
"164",164,10,"680",111,"east_asian"
"165",165,9,"681",111,"east_asian"
"166",166,8,"682",111,"east_asian"
"167",167,15,"683",113,"se_asian"
"168",168,8,"684",113,"se_asian"
"169",169,5,"685",113,"se_asian"
"170",170,6,"686",113,"se_asian"
"171",171,5,"687",113,"se_asian"
"172",172,8,"689",113,"se_asian"
"173",173,13,"690",113,"se_asian"
"174",174,15,"691",113,"se_asian"
"175",175,7,"692",113,"se_asian"
"176",176,9,"693",113,"se_asian"
"177",177,8,"694",113,"se_asian"
"178",178,4,"695",113,"se_asian"
"179",179,11,"697",113,"se_asian"
"180",180,7,"698",101,"non_asian_multi"
"181",181,8,"699",101,"non_asian_multi"
"182",182,9,"700",101,"non_asian_multi"
"183",183,15,"701",101,"non_asian_multi"
"184",184,7,"702",101,"non_asian_multi"
"185",185,9,"704",101,"non_asian_multi"
"186",186,10,"707",101,"non_asian_multi"
"187",187,3,"708",101,"non_asian_multi"
"188",188,8,"710",101,"non_asian_multi"
"189",189,11,"711",101,"non_asian_multi"
"190",190,14,"712",101,"non_asian_multi"
"191",191,5,"714",101,"non_asian_multi"
"192",192,9,"715",101,"non_asian_multi"
"193",193,7,"716",101,"non_asian_multi"
"194",194,15,"717",101,"non_asian_multi"
"195",195,45,"speaker",NA,NA
"196",196,2,"lang_1",NA,NA
"197",197,5,"lang_2",NA,NA
"198",198,15,"lang_3",NA,NA
